{"BR": 0.007522239249221353, "FD": 0.005197346495883607, "HN": 0.006999922492753785, "KP": 0.004918691693350237, "LA": 0.004930429083669243, "MK": 0.008006968982706258, "NL": 0.005567056596073767, "OV": 0.005102489702895579, "PT": 0.005237835816708718, "SC": 0.008133489513368952, "EB": 0.005402446206391243, "Y": 0.005402446206391243}
